Position,MeanShortfall
1,0.230920870165005
2,0.340446241987935
3,0.413818612171446
4,0.624268030094191
5,1.0497899989835
