Position,MeanShortfall
1,1.26140069113569e-15
2,1.11325971571262e-05
3,0.340446241987935
4,0.538746473478454
5,0.799717582623098
6,1.0497899989835
